sep=;
Date;Bid;Ask;Opening price;High price;Low price;Closing price;Average price;Total volume;Turnover;Trades
2026-01-13;41.76;41.80;42.48;42.56;41.48;41.86;41.8516;"26284";"1,100,027.24";478
2026-01-12;42.34;42.40;42.94;42.94;42.28;42.44;42.4761;"26928";"1,143,865.23";525
2026-01-09;42.68;42.76;42.30;42.94;42.18;42.94;42.7537;"32126";"1,373,500.07";580
2026-01-08;42.16;42.24;42.30;42.30;41.86;42.22;42.1581;"31583";"1,331,425.3";562
2026-01-07;42.12;42.18;41.30;42.30;41.30;42.30;42.0974;"40676";"1,712,254.46";868
2026-01-05;41.16;41.24;40.76;41.24;40.58;41.24;41.0477;"30923";"1,269,318.04";609
2026-01-02;40.70;40.82;40.54;40.98;40.06;40.76;40.5941;"37863";"1,537,025.6";703
2025-12-30;40.40;40.48;40.28;40.70;40.18;40.54;40.4732;"28281";"1,144,614.51";562
2025-12-29;40.18;40.22;39.80;40.28;39.74;40.28;40.0315;"57833";"2,315,155.35";627
2025-12-23;39.74;39.96;39.74;39.86;39.42;39.78;39.7459;"31499";"1,251,959.5";678
2025-12-22;39.70;39.80;38.60;39.86;38.60;39.74;39.5792;"24751";"979,423.44";491
2025-12-19;38.70;38.76;38.82;38.90;38.44;38.60;38.6188;"110474";"4,266,379.51";549
2025-12-18;38.70;38.80;38.62;38.82;38.48;38.74;38.7094;"45386";"1,756,858.66";432
2025-12-17;38.56;38.80;39.22;39.56;38.54;38.68;38.8342;"22479";"872,980.08";453
2025-12-16;39.12;39.20;39.98;39.98;38.90;39.22;39.2986;"40859";"1,605,837.09";486
2025-12-15;39.86;39.94;40.26;40.44;39.80;39.92;40.0248;"32580";"1,303,983.82";714
2025-12-12;40.18;40.30;40.46;40.78;40.20;40.48;40.5226;"20888";"846,438.04";443
2025-12-11;40.40;40.46;40.00;40.50;40.00;40.42;40.3164;"28001";"1,128,769.97";515
2025-12-10;39.96;40.04;40.28;40.28;39.84;39.98;40.0385;"30833";"1,234,504.24";474
2025-12-09;40.12;40.28;39.96;40.56;39.92;40.10;40.189;"44234";"1,777,738.56";607
2025-12-08;39.90;39.94;39.50;40.50;39.50;39.92;40.0074;"63208";"2,528,956.61";"1035"
2025-12-05;39.20;39.40;38.96;39.44;38.82;39.20;39.1165;"47894";"1,873,418.26";549
2025-12-04;38.98;39.08;38.18;39.02;38.16;38.96;38.6635;"53769";"2,077,552.98";802
2025-12-03;38.00;38.02;37.98;38.42;37.82;38.16;38.1206;"61138";"2,330,487.02";756
2025-12-02;37.76;37.98;37.70;38.14;37.66;37.96;37.9224;"38649";"1,465,703.78";770
2025-12-01;37.90;37.96;37.10;37.98;36.76;37.98;37.6821;"70142";"2,642,990.56";969
2025-11-28;37.28;37.36;38.68;38.72;37.20;37.20;37.415;"288804";"10,805,615.94";"1262"
2025-11-27;38.66;38.88;38.52;38.90;38.36;38.74;38.7151;"22310";"863,702.18";520
2025-11-26;38.42;38.88;37.94;38.62;37.76;38.60;38.4127;"31441";"1,207,742.62";493
2025-11-25;37.62;37.88;37.10;37.70;36.60;37.70;37.3712;"28199";"1,053,691.98";527
2025-11-24;36.92;37.16;36.66;37.26;36.66;37.16;37.1178;"56885";"2,111,447.02";464
2025-11-21;36.40;36.54;36.40;36.58;35.88;36.54;36.3446;"30383";"1,104,257.02";588
2025-11-20;36.68;36.72;36.88;37.38;36.64;36.78;36.8405;"29123";"1,072,908.98";665
2025-11-19;36.74;36.86;36.00;37.44;36.00;36.80;36.5792;"72304";"2,645,109.75";686
2025-11-18;35.88;36.16;36.38;36.50;35.82;35.98;36.0835;"33130";"1,195,473.15";634
2025-11-17;36.70;36.90;37.14;37.26;36.68;36.84;36.9025;"118609";"4,381,232.01";657
2025-11-14;37.08;37.14;37.46;37.46;36.30;37.26;37.0548;"40444";"1,498,255.75";792
2025-11-13;37.48;37.58;37.34;38.06;37.30;37.48;37.6054;"50310";"1,891,950.78";736
2025-11-12;37.26;37.34;37.12;37.44;36.82;37.20;37.2693;"74098";"2,761,539.2";525
2025-11-11;37.00;37.12;36.60;37.08;36.40;37.06;36.9151;"49633";"1,832,166.96";704
2025-11-10;36.62;36.72;36.50;36.76;36.06;36.50;36.4769;"41855";"1,526,742.5";569
2025-11-07;35.90;36.00;35.26;36.50;35.20;36.18;36.0838;"50864";"1,835,366.21";745
2025-11-06;35.04;35.78;35.58;35.94;35.12;35.26;35.4015;"28469";"1,008,105.81";569
2025-11-05;35.52;35.58;35.44;36.14;34.88;35.54;35.5632;"38563";"1,371,465.59";581
2025-11-04;35.54;35.74;36.38;36.38;35.32;35.60;35.6855;"63823";"2,277,581.81";"1016"
2025-11-03;36.36;36.54;36.70;37.30;36.04;36.56;36.6496;"63676";"2,334,633.94";965
2025-10-31;35.40;35.68;35.08;36.12;33.80;35.94;35.5214;"119540";"4,246,217.74";"1605"
2025-10-30;35.00;35.26;35.44;35.74;34.90;35.00;35.1734;"122655";"4,314,388.13";"1113"
2025-10-29;35.26;35.44;34.66;35.58;34.44;35.44;35.1641;"57544";"2,023,516.22";664
2025-10-28;34.76;34.90;35.50;35.60;34.60;34.64;34.8019;"40892";"1,423,039.24";732
2025-10-27;35.20;35.30;34.94;35.48;34.94;35.20;35.1313;"115890";"4,071,411.56";753
2025-10-24;34.66;34.74;36.68;36.68;34.52;34.72;34.9403;"92165";"3,220,221.6";"1497"
2025-10-23;36.64;36.68;34.66;37.16;34.66;36.86;36.4529;"113894";"4,151,652.88";"1589"
2025-10-22;34.62;34.78;35.06;35.14;34.24;34.56;34.5838;"183214";"6,336,237.06";942
2025-10-21;34.64;34.76;34.50;35.06;34.06;35.06;34.9683;"57098";"1,996,612.84";522
2025-10-20;34.38;34.60;34.34;34.58;34.12;34.56;34.4585;"43151";"1,486,919.6";705
2025-10-17;33.82;33.98;34.48;34.48;33.80;34.10;34.1004;"40730";"1,388,868.2";566
2025-10-16;34.66;34.78;34.58;34.72;34.30;34.60;34.5678;"22030";"761,527.05";524
2025-10-15;34.78;34.88;35.14;35.28;34.58;34.58;34.6556;"31509";"1,091,965.13";573
2025-10-14;34.88;34.96;34.98;35.36;34.60;34.96;34.9356;"48049";"1,678,352.24";568
2025-10-13;34.90;34.98;34.60;35.14;34.60;34.90;34.8635;"24810";"864,972.39";535
2025-10-10;34.50;34.88;35.72;35.78;34.58;34.58;35.1371;"38765";"1,366,005.03";503
2025-10-09;35.98;36.02;35.90;36.16;35.78;35.78;35.824;"33058";"1,185,105.17";427
2025-10-08;35.78;35.82;35.64;35.88;35.38;35.88;35.8351;"54832";"1,963,199.61";569
2025-10-07;35.46;35.56;35.52;35.82;35.04;35.64;35.5858;"39611";"1,409,375.6";552
2025-10-06;35.32;35.52;35.22;35.54;35.00;35.52;35.4351;"67201";"2,379,991.77";707
2025-10-03;35.10;35.30;34.62;35.36;34.40;35.22;34.8982;"94653";"3,302,852.6";753
2025-10-02;34.48;34.62;33.70;35.16;33.70;34.54;34.6409;"61322";"2,124,505.16";"1215"
2025-10-01;33.72;33.82;33.72;33.88;33.16;33.56;33.5407;"39258";"1,317,540.29";554
2025-09-30;33.58;33.68;33.82;34.02;33.32;33.72;33.6745;"42883";"1,444,327.58";793
2025-09-29;33.78;33.82;34.16;34.32;33.60;33.74;33.8578;"38286";"1,295,953.19";687
2025-09-26;34.14;34.20;34.22;34.46;33.88;34.16;34.1246;"32978";"1,125,113.18";414
2025-09-25;34.04;34.24;34.50;34.54;33.88;34.22;34.1821;"60442";"2,066,018.83";"1034"
2025-09-24;34.48;34.52;35.68;35.68;34.46;34.50;34.678;"67117";"2,327,716.72";971
2025-09-23;35.98;36.10;34.24;36.12;34.24;35.92;35.6904;"84783";"3,024,083.66";"1259"
2025-09-22;35.14;35.20;35.30;35.82;34.00;34.00;34.3035;"153239";"5,257,043.88";"1159"
2025-09-19;35.44;35.50;35.46;35.90;35.04;35.30;35.3003;"135144";"4,770,629.87";799
2025-09-18;35.28;35.34;36.28;36.32;35.24;35.38;35.5571;"63484";"2,257,518.24";"1268"
2025-09-17;36.28;36.32;37.00;37.18;36.14;36.22;36.3857;"50323";"1,831,012.58";866
2025-09-16;36.96;36.98;38.32;38.36;36.80;36.94;37.1328;"74027";"2,748,965.62";"1363"
2025-09-15;38.54;38.66;38.60;39.40;38.32;38.32;38.4815;"84504";"3,251,854.34";904
2025-09-12;38.88;39.04;38.60;39.06;38.60;38.86;38.8584;"31773";"1,234,676.48";565
2025-09-11;38.50;38.60;38.42;38.72;38.38;38.60;38.6172;"44524";"1,719,398.78";780
2025-09-10;38.40;38.66;38.94;39.16;38.40;38.42;38.544;"32956";"1,270,703.43";551
2025-09-09;38.88;38.98;38.66;39.10;38.42;38.92;38.7889;"43227";"1,676,157.79";890
2025-09-08;38.62;38.76;38.76;39.06;38.36;38.66;38.6821;"22484";"869,831.55";430
2025-09-05;38.70;38.78;38.84;39.26;38.64;38.80;38.8527;"36743";"1,428,014.28";663
2025-09-04;38.64;38.72;38.40;38.94;38.34;38.70;38.6934;"25746";"996,203.81";522
2025-09-03;38.32;38.44;38.80;39.12;38.40;38.50;38.5684;"27746";"1,070,142.28";440
2025-09-02;38.50;38.58;39.42;39.48;38.50;38.62;38.7465;"24199";"937,715.16";622
2025-09-01;39.26;39.30;39.32;39.86;39.16;39.42;39.4031;"33914";"1,336,241.55";515
2025-08-29;39.34;39.40;40.00;40.10;39.28;39.32;39.4531;"31744";"1,252,518.58";596
2025-08-28;40.12;40.20;40.14;40.62;40.02;40.02;40.3595;"77315";"3,120,373.24";454
2025-08-27;40.14;40.30;40.40;40.48;40.02;40.32;40.2919;"31294";"1,260,894.37";485
2025-08-26;40.22;40.30;40.24;40.58;39.90;40.40;40.3651;"58621";"2,366,238.98";511
2025-08-25;40.62;40.80;40.76;40.94;40.30;40.66;40.641;"24107";"979,731.41";494
2025-08-22;40.64;40.74;39.96;40.90;39.90;40.76;40.606;"34994";"1,420,937.56";606
2025-08-21;39.94;40.02;40.14;40.24;39.94;40.10;40.088;"22436";"899,408.61";429
2025-08-20;40.06;40.12;40.26;40.26;39.68;40.20;40.105;"34561";"1,386,001.42";678
2025-08-19;40.24;40.30;39.80;40.40;39.80;40.28;40.2253;"22420";"901,840.72";390
2025-08-18;39.82;39.90;40.06;40.06;39.62;39.92;39.8772;"20972";"836,298.82";428
2025-08-15;40.06;40.10;40.38;40.78;40.06;40.08;40.1985;"27044";"1,087,366.1";433
2025-08-14;40.22;40.30;41.10;41.10;40.20;40.38;40.4113;"40098";"1,620,416.37";640
2025-08-13;41.16;41.22;41.14;41.54;41.06;41.10;41.1769;"41606";"1,713,577.28";537
2025-08-12;40.82;40.90;40.32;41.10;40.32;41.04;40.9604;"143081";"5,860,439.93";643
2025-08-11;40.40;40.48;41.00;41.02;40.38;40.44;40.5626;"30019";"1,217,788.19";670
2025-08-08;41.02;41.10;40.58;41.14;40.58;41.14;41.0462;"32218";"1,321,005.14";462
2025-08-07;40.62;40.90;40.02;41.16;40.02;40.80;40.788;"72892";"2,972,992.56";773
2025-08-06;39.98;40.04;40.14;40.40;39.94;39.94;40.0395;"29554";"1,183,483.51";538
2025-08-05;40.14;40.20;39.18;40.30;39.18;40.14;40.0776;"48434";"1,941,197.2";613
2025-08-04;39.04;39.10;39.28;39.88;38.78;39.10;39.1646;"97426";"3,816,392.32";705
2025-08-01;39.16;39.22;39.66;39.86;39.20;39.26;39.4269;"48689";"1,920,233.91";839
2025-07-31;39.44;39.50;39.82;39.82;39.12;39.66;39.6252;"327661";"12,980,143.32";"2632"
2025-07-30;39.64;39.72;39.42;40.06;39.00;39.84;39.5016;"133837";"5,285,174.38";875
2025-07-29;39.10;39.14;38.78;40.06;38.78;39.00;39.4467;"55272";"2,180,686.4";888
2025-07-28;38.78;38.84;38.98;40.16;38.64;38.78;39.3331;"109421";"4,307,672.13";"1627"
2025-07-25;39.24;39.28;44.54;44.72;38.80;38.80;41.0274;"291249";"11,976,350.89";"3944"
2025-07-24;41.00;41.04;40.04;41.22;39.66;40.94;40.6343;"93967";"3,818,111.24";"1803"
2025-07-23;39.80;39.82;38.96;40.04;38.24;40.04;39.4693;"84592";"3,338,603.14";"1335"
2025-07-22;39.08;39.14;39.80;39.80;38.98;39.00;39.1159;"35625";"1,393,688.12";703
2025-07-21;39.90;39.96;39.32;40.12;39.32;39.94;39.8463;"35749";"1,424,595.25";690
2025-07-18;39.32;39.38;39.86;40.22;39.20;39.40;39.5653;"59234";"2,343,368.45";905
2025-07-17;39.70;39.80;38.98;39.94;38.98;39.86;39.7525;"38810";"1,542,691.33";660
2025-07-16;39.10;39.16;38.98;39.46;38.84;39.02;39.0904;"27265";"1,065,802.34";666
2025-07-15;39.04;39.10;38.74;39.50;38.72;39.00;39.1471;"46170";"1,807,720.24";772
2025-07-14;38.60;38.70;38.40;38.74;38.12;38.74;38.4837;"61970";"2,385,156.54";663
2025-07-11;38.76;38.80;38.80;38.88;38.40;38.76;38.6722;"32839";"1,269,807.78";569
2025-07-10;38.74;38.80;38.20;38.88;38.06;38.88;38.6934;"32398";"1,253,143.37";518
2025-07-09;37.92;37.98;37.80;38.20;37.50;38.04;37.9143;"35847";"1,359,158.43";617
2025-07-08;37.72;37.78;37.24;37.84;37.12;37.80;37.6164;"44582";"1,677,077.45";658
2025-07-07;37.14;37.18;36.78;37.22;36.48;37.16;37.008;"33101";"1,224,599.68";548
2025-07-04;36.82;36.88;37.02;37.08;36.70;36.86;36.8648;"28705";"1,058,092.62";482
2025-07-03;37.04;37.12;36.68;37.14;36.64;37.08;36.9909;"27769";"1,027,167.92";558
2025-07-02;36.58;36.62;36.00;36.66;35.98;36.62;36.4429;"60127";"2,190,243.06";991
2025-07-01;35.94;36.00;36.06;36.12;35.72;35.98;35.9879;"39505";"1,421,489.98";512
2025-06-30;36.02;36.08;35.32;36.36;35.02;36.06;35.9908;"71504";"2,572,429.25";"1033"
2025-06-27;35.18;35.20;35.30;35.60;34.94;35.32;35.298;"43111";"1,521,727.68";671
2025-06-26;35.06;35.12;34.68;35.36;34.66;35.14;35.1122;"37461";"1,315,345.6";623
2025-06-25;34.68;34.74;34.20;35.30;34.18;34.70;34.9133;"75532";"2,637,197.41";"1759"
2025-06-24;34.04;34.10;33.86;34.52;33.86;34.02;34.1268;"54099";"1,846,120.6";"1014"
2025-06-23;33.56;33.64;33.00;33.86;32.78;33.60;33.5811;"54539";"1,831,418.06";797
2025-06-19;33.42;33.50;33.94;34.12;33.10;33.30;33.3219;"430207";"14,335,485.63";"1238"
2025-06-18;34.36;34.44;34.50;34.52;34.08;34.44;34.413;"52918";"1,820,030.01";581
2025-06-17;34.70;34.78;34.00;34.92;34.00;34.74;34.632;"51378";"1,778,933.96";813
2025-06-16;33.98;34.08;33.80;34.10;33.70;34.00;33.9501;"31274";"1,061,377.97";484
2025-06-13;33.72;33.76;33.02;33.94;33.02;33.80;33.7131;"51002";"1,719,383.63";704
2025-06-12;33.52;33.58;33.56;33.74;33.22;33.62;33.5478;"44590";"1,495,448.43";778
2025-06-11;33.48;33.56;33.20;33.64;33.18;33.64;33.5576;"88434";"2,965,605.12";938
2025-06-10;33.16;33.22;32.90;33.32;32.84;33.20;33.1532;"78259";"2,594,819.25";704
2025-06-09;32.86;32.96;32.72;33.00;32.48;32.92;32.8346;"61845";"2,030,522.94";875
2025-06-06;32.68;32.74;32.50;32.82;32.22;32.72;32.6486;"48187";"1,573,232.7";794
2025-06-05;32.66;32.74;31.50;32.82;31.40;32.58;32.2871;"61021";"1,968,087.96";778
2025-06-04;31.42;31.50;30.86;31.50;30.86;31.50;31.3113;"52938";"1,656,810.12";875
2025-06-03;30.78;30.82;30.92;30.94;30.44;30.86;30.723;"27192";"835,299.82";515
2025-06-02;30.92;30.96;30.98;31.08;30.40;30.82;30.7981;"66392";"2,044,201.63";"1073"
2025-05-30;31.08;31.14;31.20;31.28;30.48;31.02;30.9792;"204698";"6,342,214.97";"1158"
2025-05-28;30.98;31.04;30.90;31.62;30.80;30.98;31.1714;"55455";"1,728,917.75";960
2025-05-27;30.86;30.94;30.72;30.96;30.44;30.80;30.77;"33706";"1,037,094.8";708
2025-05-26;30.66;30.72;30.18;30.84;30.18;30.68;30.6046;"44355";"1,357,474.52";819
2025-05-23;29.52;29.56;30.18;30.84;29.00;29.50;29.6548;"105347";"3,125,008.58";"1642"
2025-05-22;30.12;30.18;30.50;30.86;29.82;30.14;30.3002;"46968";"1,421,490.95";787
2025-05-21;30.46;30.50;30.30;30.68;30.08;30.46;30.4544;"30485";"928,538.9";631
2025-05-20;30.44;30.46;29.80;30.50;29.54;30.40;30.0475;"39824";"1,196,362.74";723
2025-05-19;29.62;29.66;29.80;29.98;29.38;29.66;29.578;"45865";"1,356,613.47";"1005"
2025-05-16;29.80;29.86;30.46;30.72;29.74;29.88;30.0327;"34105";"1,024,280.98";736
2025-05-15;30.52;30.56;30.34;30.64;30.24;30.46;30.4698;"30789";"938,141.54";542
2025-05-14;30.54;30.58;30.28;30.74;30.22;30.46;30.4576;"36141";"1,100,738.02";644
2025-05-13;30.56;30.60;29.80;30.74;29.62;30.60;30.3809;"44902";"1,364,121.1";846
2025-05-12;29.80;29.84;28.70;29.92;28.70;29.80;29.6076;"59093";"1,749,629.3";"1197"
2025-05-09;28.40;28.46;28.52;28.80;28.40;28.44;28.5132;"29943";"854,072.39";510
2025-05-08;28.56;28.60;28.22;28.82;28.14;28.56;28.5673;"56652";"1,618,393.85";921
2025-05-07;28.16;28.22;28.72;28.82;28.04;28.18;28.3162;"54744";"1,550,114.21";763
2025-05-06;28.72;28.76;28.64;28.82;28.24;28.68;28.566;"47506";"1,356,953.29";874
2025-05-05;28.50;28.56;28.70;28.76;28.32;28.52;28.523;"27805";"793,065.26";615
2025-05-02;28.74;28.78;28.14;28.80;27.96;28.76;28.4837;"66734";"1,900,923.74";"1004"
2025-04-30;27.76;27.84;27.40;28.20;27.18;27.88;27.7959;"115275";"3,204,180.86";"1634"
2025-04-29;27.38;27.50;28.26;28.50;26.98;27.40;27.5064;"138397";"3,806,581.39";"2409"
2025-04-28;27.28;27.32;27.14;27.48;27.08;27.36;27.2978;"62697";"1,711,237.86";876
2025-04-25;27.12;27.16;26.96;27.16;26.46;27.12;26.9033;"57995";"1,561,674.13";924
2025-04-24;26.74;26.78;26.32;26.94;25.80;26.82;26.5734;"103935";"2,758,937.75";"1801"
2025-04-23;26.30;26.38;26.02;26.54;25.66;26.30;26.2278;"118999";"3,121,234.77";"2031"
2025-04-22;25.44;25.50;25.62;25.64;25.02;25.52;25.3525;"110692";"2,805,856.57";"1648"
2025-04-17;25.70;25.74;26.36;26.36;25.60;25.62;25.7586;"57658";"1,485,341.6";"1060"
2025-04-16;25.76;25.84;26.08;26.08;25.26;25.84;25.6955;"46167";"1,186,241.95";775
2025-04-15;26.24;26.30;26.20;26.66;25.80;26.28;26.1472;"61238";"1,600,811.78";"1265"
2025-04-14;25.98;26.08;26.36;26.36;25.80;26.14;26.0937;"54827";"1,430,671.94";"1259"
2025-04-11;25.54;25.58;26.00;26.00;24.80;25.60;25.3701;"77441";"1,964,386.75";"1618"
2025-04-10;25.76;25.78;28.40;28.68;25.72;25.78;26.4952;"154864";"4,102,358.81";"2571"
2025-04-09;24.40;24.42;25.06;25.80;24.34;24.46;24.8249;"100794";"2,501,410.68";"1960"
2025-04-08;26.18;26.22;26.94;27.10;25.86;26.12;26.2964;"114937";"3,023,043.75";"2149"
2025-04-07;26.66;26.76;26.00;27.74;25.00;26.50;26.095;"115164";"3,006,909.74";"2750"
2025-04-04;27.305;27.35;28.14;28.14;26.355;27.32;27.2442;"120201";"3,273,754.23";"2321"
2025-04-03;28.645;28.66;29.54;30.135;28.325;28.325;28.8263;"148282";"4,274,668";"2893"
2025-04-02;31.08;31.12;30.985;31.36;30.625;31.12;30.9319;"53944";"1,668,628.37";"1064"
2025-04-01;30.935;30.97;30.405;31.26;30.30;31.03;30.7981;"68434";"2,110,050.98";"1050"
2025-03-31;30.42;30.50;31.145;31.145;30.215;30.405;30.4754;"48759";"1,485,917.43";"1357"
2025-03-28;31.515;31.525;32.30;32.72;31.40;31.40;31.8295;"68414";"2,177,456.72";"1847"
2025-03-27;33.355;33.495;33.845;33.935;33.315;33.38;33.4975;"32222";"1,079,263.51";"1235"
2025-03-26;33.765;33.815;35.495;35.495;33.74;33.845;34.0621;"42199";"1,437,373.41";"1084"
2025-03-25;34.455;34.515;34.64;35.21;34.33;34.485;34.6628;"33921";"1,176,078.99";687
2025-03-24;34.71;34.77;34.51;35.08;34.47;34.705;34.7914;"18999";"661,004.21";535
2025-03-21;34.50;34.555;34.75;34.765;34.185;34.51;34.5054;"65046";"2,244,613.54";609
2025-03-20;34.60;34.67;35.00;35.255;34.09;34.715;34.5535;"31818";"1,099,424.32";882
2025-03-19;34.99;35.00;35.055;35.095;34.69;35.00;34.9336;"39096";"1,365,765.74";764
2025-03-18;34.855;34.895;34.385;35.365;34.385;34.95;34.9193;"39675";"1,385,165.94";"1202"
2025-03-17;34.19;34.235;34.10;34.53;34.00;34.26;34.2387;"19927";"682,274.96";667
2025-03-14;33.96;33.975;33.72;34.585;33.72;34.095;34.1194;"90216";"3,078,079";"1519"
2025-03-13;33.75;33.81;33.42;34.395;33.08;33.72;33.7971;"49709";"1,681,421.61";"1632"
2025-03-12;33.42;33.455;33.60;33.855;33.30;33.42;33.4859;"37624";"1,259,867.72";"1302"
2025-03-11;33.40;33.475;33.80;34.21;33.365;33.365;33.7002;"52413";"1,766,293.36";"1446"
2025-03-10;33.875;33.895;34.40;34.475;33.84;34.00;34.0215;"29877";"1,016,444.07";714
2025-03-07;34.275;34.355;35.73;35.73;34.05;34.40;34.4954;"52437";"1,808,393.98";"1067"
2025-03-06;35.67;35.745;34.76;36.10;34.76;35.765;35.7472;"67843";"2,424,750.49";"1470"
2025-03-05;34.635;34.655;34.04;35.455;34.04;34.665;34.9612;"57375";"2,007,547.13";"1435"
2025-03-04;33.67;33.745;34.70;34.72;33.675;33.705;34.0179;"55111";"1,874,720.44";"1382"
2025-03-03;34.875;34.93;34.305;35.13;33.94;34.755;34.667;"115480";"4,030,152.11";"1176"
2025-02-28;34.465;34.60;35.395;35.395;34.10;34.305;34.3789;"91814";"3,156,688.49";"1502"
2025-02-27;35.635;35.67;35.58;35.825;35.20;35.62;35.5742;"30128";"1,071,888.5";932
2025-02-26;35.465;35.54;35.60;35.94;35.265;35.60;35.6083;"21024";"748,658.44";679
2025-02-25;35.58;35.61;35.535;36.105;35.475;35.595;35.7242;"22291";"796,329.65";706
2025-02-24;35.50;35.535;35.40;35.89;35.00;35.585;35.5649;"28602";"1,017,231.64";765
2025-02-21;35.40;35.44;35.73;35.905;35.35;35.385;35.5111;"27912";"991,185.78";938
2025-02-20;35.64;35.695;35.37;35.995;35.355;35.73;35.7321;"25220";"901,166.37";841
2025-02-19;35.35;35.385;36.68;36.68;35.09;35.375;35.6546;"54976";"1,961,093.16";"1473"
2025-02-18;36.66;36.675;35.575;36.69;35.56;36.68;36.262;"90087";"3,266,738.83";"2695"
2025-02-17;35.405;35.45;34.79;35.58;34.15;35.56;35.0518;"59617";"2,089,735.91";"1132"
2025-02-14;34.72;34.78;34.75;35.40;34.38;34.79;34.767;"123124";"4,280,680.7";"1163"
2025-02-13;34.61;34.67;32.925;35.00;31.605;34.80;33.9098;"136551";"4,636,379.13";"2463"
2025-02-12;33.535;33.59;33.755;34.30;33.43;33.75;33.8646;"60980";"2,063,827.67";"1548"
2025-02-11;34.255;34.34;33.08;34.65;32.895;34.425;33.9746;"84786";"2,878,751.95";"1777"
2025-02-10;32.95;32.99;32.82;33.085;32.24;33.085;32.7826;"61510";"2,013,604.28";"1333"
2025-02-07;32.785;32.91;32.52;33.16;32.405;32.88;32.8352;"42681";"1,401,435.45";"1166"
2025-02-06;32.23;32.29;32.26;32.475;31.735;32.40;32.2214;"43624";"1,405,285.51";997
2025-02-05;32.26;32.295;32.095;32.37;31.68;32.37;32.1506;"36265";"1,165,225.02";693
2025-02-04;32.10;32.155;31.805;32.29;31.28;32.165;31.869;"57458";"1,830,722.49";"1154"
2025-02-03;32.15;32.24;31.36;32.555;31.00;32.24;32.315;"298068";"9,713,466.74";"1268"
2025-01-31;32.94;33.14;31.995;33.39;31.915;32.555;32.8483;"269320";"8,849,644.44";"4038"
2025-01-30;31.865;31.915;31.55;31.945;31.55;31.945;31.7024;"37878";"1,200,825.94";672
2025-01-29;31.50;31.55;31.65;31.98;31.255;31.50;31.5511;"23961";"756,026.06";689
2025-01-28;31.505;31.54;31.22;31.745;31.07;31.65;31.5232;"32809";"1,034,290.62";606
2025-01-27;31.525;31.59;31.145;31.775;30.83;31.58;31.4177;"46156";"1,449,935.12";"1461"
2025-01-24;31.145;31.195;30.96;31.405;30.95;31.145;31.1537;"24157";"752,614.51";514
2025-01-23;30.81;30.89;30.745;31.135;30.625;30.945;30.8601;"23293";"718,801.89";655
2025-01-22;30.745;30.81;30.905;31.16;30.43;31.00;30.8898;"39977";"1,234,417.95";728
2025-01-21;30.65;30.75;30.435;30.75;30.30;30.75;30.6012;"28472";"871,236.26";639
2025-01-20;30.37;30.49;30.785;31.12;30.34;30.34;30.5406;"30334";"926,413.5";622
2025-01-17;30.785;30.805;30.20;30.845;30.17;30.78;30.6027;"90048";"2,755,206.77";984
2025-01-16;30.125;30.15;30.61;30.98;29.90;30.135;30.1524;"34614";"1,043,599.42";669
2025-01-15;30.40;30.53;30.46;30.72;30.21;30.605;30.5144;"27771";"847,364.92";914
2025-01-14;30.275;30.46;30.355;30.895;30.26;30.46;30.5024;"39696";"1,210,815.98";699
2025-01-13;30.355;30.465;31.01;31.16;30.28;30.325;30.4478;"69508";"2,115,015.66";"1226"
2025-01-10;31.21;31.285;31.56;31.80;31.01;31.01;31.2284;"31542";"985,022.36";938
2025-01-09;31.535;31.625;31.685;31.88;31.435;31.56;31.5678;"22630";"714,380.25";837
2025-01-08;31.88;31.90;32.53;32.53;31.58;31.685;31.8431;"36923";"1,175,744.63";"1104"
2025-01-07;32.425;32.74;31.655;32.76;31.655;32.535;32.3481;"42568";"1,377,093.81";"1322"
2025-01-03;31.655;31.93;32.01;32.20;31.53;31.53;31.6569;"37891";"1,199,513.12";818
2025-01-02;32.01;32.07;31.815;32.355;31.63;32.115;31.9377;"32049";"1,023,523.23";"1032"
2024-12-30;31.75;31.795;32.05;32.05;31.525;31.81;31.7562;"27225";"864,603.95";783
2024-12-27;32.05;32.11;31.50;32.22;31.48;32.185;32.0389;"26147";"837,597.81";674
2024-12-23;31.55;31.60;31.605;31.87;31.20;31.53;31.5023;"28569";"899,990.97";944
2024-12-20;31.635;31.715;31.135;31.735;30.915;31.735;31.5895;"124879";"3,941,397.68";"1247"
2024-12-19;31.36;31.435;31.19;31.58;30.875;31.435;31.2771;"57987";"1,813,623.87";"1784"
2024-12-18;31.325;31.50;31.51;31.83;31.315;31.43;31.4697;"35438";"1,115,249.82";"1026"
2024-12-17;31.525;31.565;31.98;32.075;31.24;31.515;31.5131;"30663";"966,164.89";"1085"
2024-12-16;32.015;32.095;31.99;32.21;31.415;31.975;31.8156;"38880";"1,236,917.75";906
2024-12-13;31.835;31.88;32.31;32.725;31.835;32.00;32.1035;"37037";"1,189,158.86";895
2024-12-12;32.025;32.32;32.79;32.91;32.025;32.315;32.4095;"38418";"1,245,777.62";918
2024-12-11;32.69;32.735;33.095;33.135;32.595;32.79;32.8756;"65817";"2,163,782.5";"1338"
2024-12-10;33.13;33.215;33.70;33.885;33.08;33.185;33.3551;"60421";"2,015,410.9";"1793"
2024-12-09;33.755;33.96;34.075;34.66;33.72;33.80;34.0626;"63451";"2,161,262.9";"1234"
2024-12-05;33.815;33.935;34.265;34.64;33.745;34.07;34.2338;"56115";"1,921,300.41";"1137"
2024-12-04;34.01;34.09;33.26;34.265;33.26;34.265;33.8958;"70399";"2,386,162.29";"1592"
2024-12-03;33.12;33.165;32.67;33.485;32.66;33.265;33.2054;"86639";"2,876,847.27";"2240"
2024-12-02;32.525;32.655;31.895;33.00;31.60;32.67;32.5491;"56813";"1,849,157.36";"1278"
2024-11-29;31.595;31.715;31.66;31.94;31.54;31.94;31.9064;"188598";"6,017,095.26";"1002"
2024-11-28;31.90;31.95;32.00;32.155;31.765;31.97;31.9391;"31873";"1,018,005.5";819
2024-11-27;31.875;31.97;31.425;32.085;31.375;31.975;31.8366;"56457";"1,796,988.87";"1561"
2024-11-26;31.435;31.45;32.19;32.19;31.425;31.425;31.7413;"47901";"1,518,996.35";"1211"
2024-11-25;32.06;32.185;31.685;32.305;31.685;32.305;32.2051;"84181";"2,710,619.83";"1047"
2024-11-22;31.675;31.745;31.15;32.00;31.075;31.685;31.6184;"43890";"1,387,731.69";"1269"
2024-11-21;30.955;31.08;31.12;31.12;30.42;31.05;30.8101;"64623";"1,989,775.63";"1183"
2024-11-20;30.995;31.03;31.105;31.54;31.00;31.01;31.1955;"48109";"1,501,118.25";"1084"
2024-11-19;31.035;31.095;31.04;31.655;30.945;31.105;31.187;"73842";"2,302,895.61";"1796"
2024-11-18;30.975;31.05;31.275;31.275;30.78;31.04;30.9996;"46988";"1,456,616.47";"1218"
2024-11-15;31.335;31.415;31.70;31.70;31.275;31.275;31.4362;"60816";"1,911,844.12";"1304"
2024-11-14;31.775;31.885;32.05;32.15;31.705;31.705;31.8941;"128900";"4,111,358.33";"1180"
2024-11-13;32.05;32.06;31.70;32.06;31.45;32.05;31.7643;"119167";"3,783,275.41";"1544"
2024-11-12;31.605;31.90;33.13;33.13;31.60;31.73;32.2445;"103217";"3,329,222.93";"2496"
2024-11-11;33.22;33.315;33.26;33.755;33.22;33.255;33.4202;"129445";"4,326,162.62";"2260"
2024-11-08;33.08;33.195;33.95;34.10;32.77;33.13;33.2983;"84420";"2,811,077.01";"2197"
2024-11-07;33.92;33.98;33.00;33.98;32.94;33.845;33.4684;"100540";"3,364,204.42";"1612"
2024-11-06;32.93;33.145;32.775;33.995;32.755;32.94;33.3913;"119554";"3,992,955.15";"2646"
2024-11-05;32.735;32.775;32.76;33.30;32.43;32.76;32.7588;"84530";"2,768,771.63";"1801"
2024-11-04;32.585;32.635;32.18;32.87;31.70;32.76;32.4714;"166111";"5,394,183.45";"3018"
2024-11-01;32.53;32.59;31.00;32.65;30.97;32.42;31.6791;"387716";"12,282,228.97";"5483"
2024-10-31;28.45;28.56;27.99;28.665;27.65;28.625;28.3168;"85855";"2,430,784.24";"1415"
2024-10-30;28.025;28.115;28.49;28.64;27.915;28.06;28.1445;"45447";"1,279,007.71";815
2024-10-29;28.625;28.705;28.45;28.705;28.00;28.525;28.424;"45542";"1,294,513.09";778
2024-10-28;28.465;28.50;27.79;28.57;27.79;28.45;28.266;"42124";"1,190,657.37";731
2024-10-25;27.67;27.715;27.335;27.80;27.25;27.70;27.5265;"50681";"1,394,958.37";"1271"
2024-10-24;27.345;27.405;27.55;28.025;27.30;27.30;27.6044;"47127";"1,301,054.48";"1089"
2024-10-23;27.55;27.575;27.82;27.93;27.42;27.495;27.6385;"47648";"1,316,919.67";"1000"
2024-10-22;27.50;27.555;27.48;27.55;27.20;27.55;27.4073;"29241";"801,421.46";510
2024-10-21;27.475;27.59;27.745;28.07;27.475;27.50;27.6627;"27080";"749,105.39";594
2024-10-18;27.775;27.81;27.805;27.99;27.72;27.75;27.7892;"36328";"1,009,536.83";598
2024-10-17;27.845;27.905;28.105;28.14;27.765;27.805;27.9045;"32044";"894,251.47";569
2024-10-16;28.06;28.11;28.00;28.29;27.655;28.10;28.0022;"37411";"1,047,490.03";622
2024-10-15;27.94;28.155;28.665;28.78;27.635;27.80;27.9734;"48636";"1,360,567.27";830
2024-10-14;28.49;28.60;28.625;29.00;28.35;28.665;28.6009;"45407";"1,298,352.93";710
2024-10-11;28.66;28.74;28.19;29.185;28.15;28.625;28.8114;"54782";"1,578,340.33";924
2024-10-10;28.12;28.195;28.345;28.375;28.01;28.19;28.1864;"19361";"545,713.21";481
2024-10-09;28.35;28.40;28.05;28.60;27.90;28.29;28.2293;"49603";"1,400,283.18";777
2024-10-08;28.15;28.22;28.475;28.475;28.00;28.10;28.1483;"48503";"1,365,313.13";636
2024-10-07;28.565;28.665;29.20;29.20;28.345;28.725;28.707;"29279";"840,274.91";580
2024-10-04;28.54;28.58;28.53;29.02;28.28;28.525;28.5301;"45746";"1,304,792.02";902
2024-10-03;28.395;28.46;28.50;28.705;28.265;28.605;28.5209;"29456";"839,578.66";556
2024-10-02;28.49;28.57;28.575;28.84;28.075;28.60;28.525;"45670";"1,302,536.18";763
2024-10-01;28.58;28.65;29.12;29.40;28.525;28.65;28.9294;"70800";"2,047,943.18";"1003"
2024-09-30;29.00;29.055;29.00;29.20;28.88;29.135;29.0401;"67031";"1,945,714";714
2024-09-27;28.91;28.945;28.50;28.925;28.30;28.89;28.6691;"64848";"1,858,793.12";946
2024-09-26;28.26;28.545;28.00;28.56;27.865;28.47;28.3226;"105348";"2,983,827.35";"1437"
2024-09-25;27.58;27.675;27.64;27.87;27.34;27.755;27.6733;"54379";"1,504,596.23";775
2024-09-24;27.60;27.64;26.855;27.725;26.855;27.725;27.4057;"76447";"2,094,333.51";769
2024-09-23;26.85;26.895;26.915;26.965;26.635;26.84;26.8465;"33385";"896,350.37";414
2024-09-20;27.025;27.095;26.935;27.125;26.69;27.005;26.9977;"588500";"15,888,152.76";"1437"
2024-09-19;27.055;27.12;26.40;27.385;26.30;27.05;26.8693;"125283";"3,366,686.33";"1667"
2024-09-18;25.955;26.015;26.40;26.55;25.885;25.96;26.1975;"49610";"1,299,701.77";774
2024-09-17;26.285;26.395;25.13;26.53;25.13;26.355;26.0997;"111669";"2,914,081.83";"1610"
2024-09-16;25.215;25.245;25.20;25.50;25.12;25.13;25.3274;"33464";"847,543.01";682
2024-09-13;25.21;25.245;24.845;25.325;24.75;25.23;25.0928;"116969";"2,934,904.26";"1473"
2024-09-12;24.66;24.71;25.54;25.795;24.52;24.52;24.922;"281404";"7,016,631.67";"2720"
2024-09-11;25.64;25.685;25.375;25.74;25.21;25.525;25.4346;"133654";"3,399,354.62";"1945"
2024-09-10;25.37;25.385;25.99;25.99;25.205;25.30;25.4158;"92461";"2,349,842.89";"1619"
2024-09-09;25.835;25.88;25.80;26.185;25.63;25.80;25.9247;"152788";"3,960,915.2";"1827"
2024-09-06;25.725;25.76;26.16;26.175;25.36;25.625;25.6707;"126765";"3,254,279.44";"1893"
2024-09-05;26.10;26.115;26.395;26.52;26.03;26.03;26.2116;"72943";"1,911,897.74";"1122"
2024-09-04;26.535;26.545;26.575;26.995;26.39;26.475;26.7107;"77950";"2,081,932.23";"1359"
2024-09-03;27.04;27.09;26.93;27.285;26.47;26.975;26.8182;"204700";"5,489,165.7";"2009"
2024-09-02;26.725;26.745;26.50;26.90;26.30;26.73;26.5895;"110853";"2,946,732.62";"1256"
2024-08-30;25.93;25.97;25.905;26.335;25.725;25.845;25.905;"210844";"5,461,721.28";"1565"
2024-08-29;25.86;25.915;25.765;26.06;25.655;25.875;25.9402;"31381";"814,184.47";537
2024-08-28;25.765;25.865;26.00;26.145;25.715;25.765;25.927;"43324";"1,123,422.78";731
2024-08-27;25.935;25.955;26.38;26.46;25.855;25.855;26.0843;"83541";"2,179,048.21";"1020"
2024-08-26;26.345;26.40;26.605;26.605;26.15;26.36;26.3578;"96968";"2,555,685.92";"1417"
2024-08-23;26.525;26.61;26.08;26.675;26.035;26.605;26.4428;"98476";"2,603,705.52";"1392"
2024-08-22;26.18;26.23;26.20;26.58;25.945;26.08;26.2031;"109219";"2,862,879.29";"1327"
2024-08-21;26.075;26.125;25.45;26.15;25.44;26.145;25.7001;"194902";"5,009,101.32";862
2024-08-20;25.51;25.555;25.82;25.96;25.43;25.48;25.6998;"192831";"4,919,743.05";669
2024-08-19;25.715;25.805;25.72;25.965;25.51;25.82;25.7749;"69137";"1,781,980.51";864
2024-08-16;25.72;25.795;25.39;25.82;25.10;25.725;25.4341;"88277";"2,245,257.77";"1348"
2024-08-15;25.32;25.35;25.26;25.46;25.165;25.385;25.3314;"72656";"1,840,491.67";989
2024-08-14;25.115;25.165;25.41;25.53;24.985;25.195;25.18;"154361";"3,885,004.87";"2006"
2024-08-13;25.385;25.40;25.98;25.98;25.365;25.38;25.5089;"101126";"2,580,133.5";"1463"
2024-08-12;25.84;25.88;25.78;26.00;25.22;25.90;25.6956;"135443";"3,480,856.45";"1925"
2024-08-09;25.48;25.52;26.44;26.78;25.26;25.46;25.7683;"317380";"8,177,560.77";"3062"
2024-08-08;26.16;26.20;26.00;26.78;25.50;26.24;26.0624;"265712";"6,924,451.96";"3322"
2024-08-07;27.22;27.44;26.52;27.48;26.38;27.40;27.1319;"94927";"2,575,694.52";"1196"
2024-08-06;26.26;26.30;27.00;27.34;26.20;26.20;26.5882;"114285";"3,038,437.34";"1761"
2024-08-05;26.46;26.60;25.54;26.72;25.04;26.58;26.1107;"179806";"4,697,644.33";"2493"
2024-08-02;26.84;26.88;28.20;28.20;26.72;26.86;27.3171;"167040";"4,562,879.3";"2103"
2024-08-01;28.38;28.44;27.32;28.70;27.26;28.42;27.6565;"329500";"9,117,627.91";"1762"
2024-07-31;27.34;27.40;27.20;27.58;27.20;27.32;27.3395;"422179";"11,543,436.39";"1347"
2024-07-30;27.12;27.18;27.16;27.38;27.06;27.14;27.1492;"510771";"13,867,082.26";757
2024-07-29;27.22;27.26;27.72;27.80;27.12;27.12;27.3292;"79201";"2,165,716.23";915
2024-07-26;27.68;27.74;26.52;27.76;26.52;27.70;27.3798;"178481";"4,884,379.95";"1988"
2024-07-25;26.46;26.52;26.00;26.54;25.68;26.26;26.0499;"131075";"3,414,259.94";"1563"
2024-07-24;26.44;26.52;27.02;27.02;26.26;26.38;26.5207;"140134";"3,716,588.73";"1535"
2024-07-23;27.00;27.02;27.50;27.58;27.00;27.00;27.2148;"100814";"2,744,024.27";972
2024-07-22;27.42;27.48;26.98;27.52;26.98;27.50;27.3839;"64768";"1,773,605.17";811
2024-07-19;27.04;27.06;27.94;27.98;26.92;26.92;27.1642;"178626";"4,853,100.36";"1874"
2024-07-18;27.92;28.02;27.58;28.20;27.22;27.92;27.847;"122282";"3,405,199.7";"1205"
2024-07-17;27.52;27.58;27.80;27.88;27.46;27.48;27.5853;"92890";"2,562,379.66";928
2024-07-16;27.96;28.04;28.48;28.48;27.76;27.82;27.934;"46077";"1,287,119.36";753
2024-07-15;28.24;28.40;27.80;28.44;27.48;28.36;28.1332;"127645";"3,591,079.49";"1317"
2024-07-12;27.82;27.88;27.62;27.96;27.36;27.62;27.6496;"179559";"4,964,714.92";"1649"
2024-07-11;27.66;27.74;27.92;28.20;27.54;27.60;27.7614;"126823";"3,520,348.24";"1449"
2024-07-10;27.48;27.52;27.86;28.16;27.40;27.72;27.6458;"224807";"6,214,520.69";"2572"
2024-07-09;27.84;27.90;28.76;29.20;27.72;27.72;27.9748;"518483";"14,504,951.25";"4079"
2024-07-08;28.66;28.80;30.50;31.44;28.44;28.72;29.3136;"358383";"10,506,277.11";"3512"
2024-07-05;30.56;30.58;28.68;30.96;28.68;30.28;30.0635;"405315";"12,177,756.65";"3881"
2024-07-04;28.46;28.50;27.16;28.90;27.04;28.48;27.9947;"485223";"13,577,080.61";"4335"
2024-07-03;27.12;27.30;27.30;27.76;27.02;27.02;27.3389;"552565";"15,122,207.54";"5554"
2024-07-02;26.99;26.995;27.46;28.98;26.91;27.00;27.4341;"911386";"25,009,676.71";"8075"
2024-07-01;28.46;28.54;30.00;37.00;26.40;26.40;27.7424;"587820";"16,438,247.45";"4981"
